{
    "Gradient Boosting": {
        "accuracy": 1.0,
        "precision": 1.0,
        "recall": 1.0,
        "f1_score": 1.0,
        "cv_mean": 0.9958333333333332,
        "cv_std": 0.003897559777889514,
        "confusion_matrix": [
            [
                60,
                0,
                0
            ],
            [
                0,
                100,
                0
            ],
            [
                0,
                0,
                80
            ]
        ]
    },
    "Random Forest": {
        "accuracy": 1.0,
        "precision": 1.0,
        "recall": 1.0,
        "f1_score": 1.0,
        "cv_mean": 0.9947916666666667,
        "cv_std": 0.0046584749531245456,
        "confusion_matrix": [
            [
                60,
                0,
                0
            ],
            [
                0,
                100,
                0
            ],
            [
                0,
                0,
                80
            ]
        ]
    },
    "SVM": {
        "accuracy": 0.8125,
        "precision": 0.8145833333333333,
        "recall": 0.8125,
        "f1_score": 0.8131553125876086,
        "cv_mean": 0.8291666666666666,
        "cv_std": 0.016925080009658245,
        "confusion_matrix": [
            [
                47,
                0,
                13
            ],
            [
                1,
                88,
                11
            ],
            [
                8,
                12,
                60
            ]
        ]
    },
    "Decision Tree": {
        "accuracy": 1.0,
        "precision": 1.0,
        "recall": 1.0,
        "f1_score": 1.0,
        "cv_mean": 0.9958333333333332,
        "cv_std": 0.003897559777889514,
        "confusion_matrix": [
            [
                60,
                0,
                0
            ],
            [
                0,
                100,
                0
            ],
            [
                0,
                0,
                80
            ]
        ]
    },
    "KNN": {
        "accuracy": 0.6416666666666667,
        "precision": 0.6469113294968984,
        "recall": 0.6416666666666667,
        "f1_score": 0.6431791191937456,
        "cv_mean": 0.6552083333333333,
        "cv_std": 0.022195078909023454,
        "confusion_matrix": [
            [
                39,
                0,
                21
            ],
            [
                9,
                75,
                16
            ],
            [
                21,
                19,
                40
            ]
        ]
    },
    "Logistic Regression": {
        "accuracy": 0.7333333333333333,
        "precision": 0.7335582601976044,
        "recall": 0.7333333333333333,
        "f1_score": 0.7334243531708128,
        "cv_mean": 0.7510416666666667,
        "cv_std": 0.03250934694651506,
        "confusion_matrix": [
            [
                46,
                0,
                14
            ],
            [
                4,
                80,
                16
            ],
            [
                11,
                19,
                50
            ]
        ]
    },
    "Hybrid (Voting)": {
        "accuracy": 1.0,
        "precision": 1.0,
        "recall": 1.0,
        "f1_score": 1.0,
        "cv_mean": 0.9958333333333332,
        "cv_std": 0.003897559777889514,
        "confusion_matrix": [
            [
                60,
                0,
                0
            ],
            [
                0,
                100,
                0
            ],
            [
                0,
                0,
                80
            ]
        ]
    }
}